Part_ID,Part_Name,Vehicle_Brand,Part_Category,Supplier_Name,Unit_Cost,Unit_Selling_Price,Quantity_Opening,Quantity_Purchased,Quantity_Sold,Quantity_Closing,Reorder_Level,Stock_Status,Warehouse_Location,Last_Restock_Date
P1001,Spare Part 1,Toyota,Body,JapAuto Supplies,15643,33387,37,15,40,12,11,In Stock,Workshop Store,20/11/2025
P1002,Spare Part 2,Toyota,Consumables,PrimeParts Nigeria,26424,18742,8,25,10,23,29,Low Stock,Workshop Store,06/12/2025
P1003,Spare Part 3,Hyundai,Body,MegaMotors,29779,50639,8,59,26,41,17,In Stock,Workshop Store,21/11/2025
P1004,Spare Part 4,Mercedes-Benz,Consumables,PrimeParts Nigeria,32281,66405,20,28,5,43,17,In Stock,Workshop Store,17/07/2025
P1005,Spare Part 5,Mercedes-Benz,Body,JapAuto Supplies,6929,60860,118,18,37,99,21,In Stock,Main Store,10/11/2025
P1006,Spare Part 6,Nissan,Body,JapAuto Supplies,24318,32627,33,15,8,40,25,In Stock,Workshop Store,22/10/2025
P1007,Spare Part 7,Nissan,Body,JapAuto Supplies,21654,34905,61,77,91,47,21,In Stock,Workshop Store,20/08/2025
P1008,Spare Part 8,Toyota,Body,JapAuto Supplies,38854,34882,76,49,7,118,28,In Stock,Workshop Store,25/10/2025
P1009,Spare Part 9,Honda,Electrical,JapAuto Supplies,28862,64764,50,15,25,40,29,In Stock,Workshop Store,30/11/2025
P1010,Spare Part 10,Hyundai,Electrical,JapAuto Supplies,13630,62688,106,13,7,112,18,In Stock,Workshop Store,04/11/2025
P1011,Spare Part 11,Nissan,Consumables,PrimeParts Nigeria,28297,66563,38,1,30,9,25,Low Stock,Workshop Store,20/10/2025
P1012,Spare Part 12,Nissan,Electrical,AutoSource Ltd,10066,32694,75,50,106,19,28,Low Stock,Workshop Store,25/11/2025
P1013,Spare Part 13,Honda,Engine,MegaMotors,17901,9591,15,8,18,5,22,Low Stock,Workshop Store,12/11/2025
P1014,Spare Part 14,Toyota,Electrical,AutoSource Ltd,35319,65244,39,40,65,14,17,Low Stock,Main Store,22/11/2025
P1015,Spare Part 15,Honda,Body,JapAuto Supplies,27173,5107,98,18,115,1,30,Low Stock,Workshop Store,23/08/2025
P1016,Spare Part 16,Nissan,Electrical,MegaMotors,42046,48128,82,5,56,31,22,In Stock,Main Store,14/11/2025
P1017,Spare Part 17,Toyota,Body,AutoSource Ltd,11669,22039,17,36,7,46,24,In Stock,Main Store,06/12/2025
P1018,Spare Part 18,Honda,Engine,AutoSource Ltd,33653,41178,14,24,32,6,11,Low Stock,Main Store,02/09/2025
P1019,Spare Part 19,Hyundai,Body,AutoSource Ltd,33357,26889,109,49,150,8,21,Low Stock,Workshop Store,30/10/2025
P1020,Spare Part 20,Toyota,Engine,PrimeParts Nigeria,5404,20996,66,45,64,47,11,In Stock,Main Store,16/11/2025
P1021,Spare Part 21,Nissan,Electrical,MegaMotors,3759,49573,7,42,26,23,22,In Stock,Workshop Store,17/07/2025
P1022,Spare Part 22,Honda,Body,AutoSource Ltd,43305,20602,41,17,58,0,14,Low Stock,Main Store,08/10/2025
P1023,Spare Part 23,Hyundai,Body,AutoSource Ltd,12391,42151,16,77,58,35,20,In Stock,Main Store,23/11/2025
P1024,Spare Part 24,Honda,Consumables,PrimeParts Nigeria,33699,63745,104,18,58,64,10,In Stock,Workshop Store,05/08/2025
P1025,Spare Part 25,Toyota,Body,PrimeParts Nigeria,19390,71705,93,55,22,126,22,In Stock,Main Store,31/08/2025
P1026,Spare Part 26,Nissan,Engine,PrimeParts Nigeria,22764,51726,27,63,66,24,11,In Stock,Workshop Store,27/08/2025
P1027,Spare Part 27,Honda,Electrical,JapAuto Supplies,35142,56603,26,49,29,46,25,In Stock,Workshop Store,19/08/2025
P1028,Spare Part 28,Mercedes-Benz,Electrical,AutoSource Ltd,32120,39874,34,37,48,23,18,In Stock,Workshop Store,18/10/2025
P1029,Spare Part 29,Mercedes-Benz,Body,PrimeParts Nigeria,37530,38680,85,66,54,97,22,In Stock,Workshop Store,05/10/2025
P1030,Spare Part 30,Honda,Body,JapAuto Supplies,38467,9270,57,62,52,67,24,In Stock,Workshop Store,11/08/2025
P1031,Spare Part 31,Honda,Engine,PrimeParts Nigeria,28556,9837,83,44,64,63,23,In Stock,Workshop Store,24/07/2025
P1032,Spare Part 32,Honda,Engine,JapAuto Supplies,22446,35245,41,64,6,99,17,In Stock,Main Store,16/08/2025
P1033,Spare Part 33,Mercedes-Benz,Engine,AutoSource Ltd,41598,57037,35,1,17,19,14,In Stock,Workshop Store,06/10/2025
P1034,Spare Part 34,Nissan,Electrical,MegaMotors,38590,59957,12,34,1,45,18,In Stock,Workshop Store,27/10/2025
P1035,Spare Part 35,Toyota,Engine,MegaMotors,41546,71764,46,77,85,38,14,In Stock,Main Store,08/09/2025
P1036,Spare Part 36,Mercedes-Benz,Electrical,MegaMotors,38837,74727,47,30,59,18,27,Low Stock,Workshop Store,11/01/2026
P1037,Spare Part 37,Mercedes-Benz,Body,MegaMotors,17760,71580,108,30,36,102,18,In Stock,Main Store,19/07/2025
P1038,Spare Part 38,Mercedes-Benz,Electrical,AutoSource Ltd,29570,51699,8,40,33,15,17,Low Stock,Main Store,04/10/2025
P1039,Spare Part 39,Nissan,Electrical,MegaMotors,33357,48796,31,63,34,60,29,In Stock,Workshop Store,25/12/2025
P1040,Spare Part 40,Hyundai,Engine,PrimeParts Nigeria,17683,61347,60,23,28,55,24,In Stock,Main Store,15/10/2025
P1041,Spare Part 41,Hyundai,Consumables,AutoSource Ltd,9077,28671,29,6,22,13,23,Low Stock,Workshop Store,06/12/2025
P1042,Spare Part 42,Toyota,Electrical,PrimeParts Nigeria,6809,43938,84,42,7,119,20,In Stock,Workshop Store,17/07/2025
P1043,Spare Part 43,Hyundai,Body,PrimeParts Nigeria,42429,47924,110,3,31,82,28,In Stock,Main Store,25/07/2025
P1044,Spare Part 44,Toyota,Body,PrimeParts Nigeria,39390,74094,16,29,20,25,24,In Stock,Workshop Store,21/07/2025
P1045,Spare Part 45,Hyundai,Body,AutoSource Ltd,30383,73566,93,21,53,61,10,In Stock,Workshop Store,11/08/2025
P1046,Spare Part 46,Mercedes-Benz,Body,MegaMotors,4845,40244,52,29,9,72,26,In Stock,Main Store,28/10/2025
P1047,Spare Part 47,Toyota,Engine,PrimeParts Nigeria,19768,47025,106,37,119,24,16,In Stock,Workshop Store,30/07/2025
P1048,Spare Part 48,Mercedes-Benz,Engine,MegaMotors,39441,71669,113,36,53,96,12,In Stock,Workshop Store,05/12/2025
P1049,Spare Part 49,Hyundai,Engine,JapAuto Supplies,6638,42058,91,38,8,121,27,In Stock,Main Store,05/09/2025
P1050,Spare Part 50,Toyota,Body,JapAuto Supplies,7666,65203,86,15,2,99,27,In Stock,Workshop Store,27/08/2025
P1051,Spare Part 51,Hyundai,Engine,JapAuto Supplies,21766,49812,87,5,48,44,11,In Stock,Main Store,12/12/2025
P1052,Spare Part 52,Toyota,Body,JapAuto Supplies,15857,34774,36,80,14,102,13,In Stock,Workshop Store,07/08/2025
P1053,Spare Part 53,Nissan,Electrical,AutoSource Ltd,20390,66493,68,48,58,58,18,In Stock,Main Store,07/11/2025
P1054,Spare Part 54,Hyundai,Body,JapAuto Supplies,15770,20911,65,56,27,94,28,In Stock,Workshop Store,01/08/2025
P1055,Spare Part 55,Honda,Engine,AutoSource Ltd,35490,45751,57,16,8,65,25,In Stock,Workshop Store,25/12/2025
P1056,Spare Part 56,Toyota,Body,JapAuto Supplies,35394,47887,45,53,47,51,11,In Stock,Workshop Store,21/11/2025
P1057,Spare Part 57,Nissan,Electrical,JapAuto Supplies,35522,49760,49,50,79,20,21,Low Stock,Workshop Store,22/10/2025
P1058,Spare Part 58,Mercedes-Benz,Consumables,PrimeParts Nigeria,21155,39469,83,79,123,39,19,In Stock,Main Store,23/10/2025
P1059,Spare Part 59,Hyundai,Electrical,PrimeParts Nigeria,3060,60102,38,41,55,24,11,In Stock,Workshop Store,30/08/2025
P1060,Spare Part 60,Honda,Electrical,JapAuto Supplies,15245,21839,10,31,34,7,14,Low Stock,Main Store,14/12/2025
P1061,Spare Part 61,Nissan,Electrical,AutoSource Ltd,7540,40918,28,18,9,37,11,In Stock,Workshop Store,03/11/2025
P1062,Spare Part 62,Mercedes-Benz,Engine,AutoSource Ltd,11904,38432,68,20,34,54,23,In Stock,Main Store,16/11/2025
P1063,Spare Part 63,Nissan,Consumables,AutoSource Ltd,40064,32568,70,25,26,69,26,In Stock,Workshop Store,04/10/2025
P1064,Spare Part 64,Mercedes-Benz,Consumables,MegaMotors,3762,12767,97,75,100,72,30,In Stock,Main Store,30/12/2025
P1065,Spare Part 65,Mercedes-Benz,Body,AutoSource Ltd,29438,40108,9,37,40,6,29,Low Stock,Workshop Store,10/11/2025
P1066,Spare Part 66,Honda,Engine,PrimeParts Nigeria,16129,25740,58,64,41,81,14,In Stock,Workshop Store,16/10/2025
P1067,Spare Part 67,Hyundai,Electrical,AutoSource Ltd,25096,66856,113,75,41,147,21,In Stock,Workshop Store,10/09/2025
P1068,Spare Part 68,Mercedes-Benz,Engine,JapAuto Supplies,18450,16871,55,67,53,69,22,In Stock,Workshop Store,23/08/2025
P1069,Spare Part 69,Hyundai,Body,JapAuto Supplies,32652,55550,72,21,74,19,21,Low Stock,Main Store,17/10/2025
P1070,Spare Part 70,Nissan,Electrical,MegaMotors,24104,46874,49,66,11,104,19,In Stock,Workshop Store,10/11/2025
P1071,Spare Part 71,Nissan,Body,JapAuto Supplies,19267,55399,32,67,38,61,15,In Stock,Main Store,15/08/2025
P1072,Spare Part 72,Nissan,Electrical,AutoSource Ltd,31048,22829,23,44,23,44,29,In Stock,Main Store,12/10/2025
P1073,Spare Part 73,Honda,Consumables,AutoSource Ltd,38558,47470,22,50,63,9,22,Low Stock,Workshop Store,04/08/2025
P1074,Spare Part 74,Mercedes-Benz,Body,PrimeParts Nigeria,10993,18061,120,35,41,114,20,In Stock,Workshop Store,16/09/2025
P1075,Spare Part 75,Honda,Consumables,JapAuto Supplies,24347,31342,89,5,80,14,23,Low Stock,Main Store,01/10/2025
P1076,Spare Part 76,Hyundai,Consumables,JapAuto Supplies,27422,26953,55,19,37,37,10,In Stock,Workshop Store,13/08/2025
P1077,Spare Part 77,Honda,Electrical,AutoSource Ltd,8115,12659,52,57,7,102,18,In Stock,Workshop Store,26/11/2025
P1078,Spare Part 78,Nissan,Body,MegaMotors,11827,13402,120,1,28,93,24,In Stock,Workshop Store,06/10/2025
P1079,Spare Part 79,Mercedes-Benz,Body,MegaMotors,43594,31271,52,51,95,8,12,Low Stock,Main Store,16/07/2025
P1080,Spare Part 80,Hyundai,Consumables,MegaMotors,21298,66669,101,27,76,52,16,In Stock,Main Store,27/12/2025
P1081,Spare Part 81,Honda,Body,JapAuto Supplies,41875,50548,97,74,137,34,12,In Stock,Main Store,30/12/2025
P1082,Spare Part 82,Hyundai,Engine,MegaMotors,33603,45999,88,53,21,120,13,In Stock,Workshop Store,12/12/2025
P1083,Spare Part 83,Toyota,Electrical,JapAuto Supplies,18257,40387,22,56,67,11,23,Low Stock,Main Store,28/08/2025
P1084,Spare Part 84,Mercedes-Benz,Electrical,MegaMotors,44644,62310,66,54,84,36,28,In Stock,Workshop Store,24/10/2025
P1085,Spare Part 85,Nissan,Body,PrimeParts Nigeria,38805,22453,108,79,123,64,12,In Stock,Workshop Store,15/11/2025
P1086,Spare Part 86,Toyota,Electrical,JapAuto Supplies,16911,43043,6,19,9,16,27,Low Stock,Main Store,03/12/2025
P1087,Spare Part 87,Mercedes-Benz,Electrical,JapAuto Supplies,12465,57697,112,35,5,142,24,In Stock,Workshop Store,18/11/2025
P1088,Spare Part 88,Hyundai,Body,MegaMotors,4614,48816,12,17,23,6,21,Low Stock,Workshop Store,18/11/2025
P1089,Spare Part 89,Mercedes-Benz,Consumables,JapAuto Supplies,42445,5160,58,80,36,102,16,In Stock,Workshop Store,06/09/2025
P1090,Spare Part 90,Toyota,Consumables,MegaMotors,26752,63953,13,21,7,27,25,In Stock,Workshop Store,03/08/2025
P1091,Spare Part 91,Mercedes-Benz,Consumables,JapAuto Supplies,39703,44840,116,48,92,72,26,In Stock,Main Store,04/01/2026
P1092,Spare Part 92,Honda,Electrical,JapAuto Supplies,24631,45201,77,3,11,69,20,In Stock,Workshop Store,25/11/2025
P1093,Spare Part 93,Mercedes-Benz,Consumables,AutoSource Ltd,39090,60469,118,40,151,7,30,Low Stock,Workshop Store,07/11/2025
P1094,Spare Part 94,Nissan,Consumables,JapAuto Supplies,38163,50866,44,43,13,74,18,In Stock,Main Store,25/09/2025
P1095,Spare Part 95,Toyota,Electrical,MegaMotors,34537,19110,21,28,49,0,26,Low Stock,Workshop Store,01/10/2025
P1096,Spare Part 96,Mercedes-Benz,Engine,AutoSource Ltd,15711,68176,8,32,15,25,25,In Stock,Workshop Store,01/10/2025
P1097,Spare Part 97,Nissan,Engine,JapAuto Supplies,29959,27976,54,65,52,67,21,In Stock,Main Store,27/08/2025
P1098,Spare Part 98,Hyundai,Consumables,AutoSource Ltd,4020,9641,78,51,10,119,18,In Stock,Workshop Store,16/10/2025
P1099,Spare Part 99,Mercedes-Benz,Engine,JapAuto Supplies,18949,71118,21,27,6,42,18,In Stock,Main Store,14/09/2025
P1100,Spare Part 100,Hyundai,Consumables,JapAuto Supplies,11787,29570,99,50,51,98,25,In Stock,Workshop Store,16/10/2025
P1101,Spare Part 101,Toyota,Body,JapAuto Supplies,24920,16355,97,6,34,69,15,In Stock,Workshop Store,29/12/2025
P1102,Spare Part 102,Mercedes-Benz,Electrical,JapAuto Supplies,11878,29313,109,16,103,22,11,In Stock,Main Store,18/08/2025
P1103,Spare Part 103,Mercedes-Benz,Consumables,PrimeParts Nigeria,14532,38037,10,74,75,9,28,Low Stock,Main Store,03/08/2025
P1104,Spare Part 104,Mercedes-Benz,Engine,PrimeParts Nigeria,35974,48714,59,29,56,32,22,In Stock,Main Store,23/10/2025
P1105,Spare Part 105,Hyundai,Consumables,PrimeParts Nigeria,13969,49439,43,76,77,42,26,In Stock,Main Store,16/08/2025
P1106,Spare Part 106,Toyota,Consumables,AutoSource Ltd,30271,46909,34,68,60,42,22,In Stock,Main Store,20/08/2025
P1107,Spare Part 107,Mercedes-Benz,Body,AutoSource Ltd,18026,58287,74,49,48,75,27,In Stock,Main Store,03/11/2025
P1108,Spare Part 108,Hyundai,Consumables,MegaMotors,39617,37668,110,52,99,63,21,In Stock,Workshop Store,22/11/2025
P1109,Spare Part 109,Mercedes-Benz,Electrical,AutoSource Ltd,40290,44741,20,61,66,15,28,Low Stock,Main Store,04/12/2025
P1110,Spare Part 110,Hyundai,Engine,MegaMotors,5923,70287,90,13,51,52,16,In Stock,Main Store,20/10/2025
P1111,Spare Part 111,Mercedes-Benz,Consumables,MegaMotors,19223,24420,84,75,111,48,16,In Stock,Main Store,07/12/2025
P1112,Spare Part 112,Nissan,Electrical,MegaMotors,26764,43445,77,8,53,32,27,In Stock,Main Store,19/11/2025
P1113,Spare Part 113,Honda,Engine,JapAuto Supplies,13315,24269,11,33,12,32,30,In Stock,Workshop Store,19/09/2025
P1114,Spare Part 114,Honda,Body,PrimeParts Nigeria,24735,25627,35,77,27,85,19,In Stock,Main Store,24/08/2025
P1115,Spare Part 115,Honda,Electrical,MegaMotors,39306,52287,99,80,55,124,20,In Stock,Workshop Store,30/09/2025
P1116,Spare Part 116,Toyota,Body,MegaMotors,15391,45208,90,14,79,25,20,In Stock,Workshop Store,18/08/2025
P1117,Spare Part 117,Nissan,Body,PrimeParts Nigeria,8652,13458,18,78,6,90,29,In Stock,Workshop Store,15/10/2025
P1118,Spare Part 118,Nissan,Electrical,PrimeParts Nigeria,17600,67425,80,7,5,82,12,In Stock,Workshop Store,21/09/2025
P1119,Spare Part 119,Hyundai,Electrical,MegaMotors,30972,46216,91,66,7,150,22,In Stock,Main Store,18/07/2025
P1120,Spare Part 120,Toyota,Electrical,MegaMotors,36151,8327,29,35,50,14,15,Low Stock,Workshop Store,23/08/2025
P1121,Spare Part 121,Toyota,Engine,JapAuto Supplies,5146,42004,16,79,36,59,29,In Stock,Main Store,19/08/2025
P1122,Spare Part 122,Mercedes-Benz,Consumables,PrimeParts Nigeria,13523,7268,7,64,6,65,29,In Stock,Main Store,06/10/2025
P1123,Spare Part 123,Nissan,Engine,MegaMotors,40735,22622,15,51,4,62,15,In Stock,Workshop Store,16/11/2025
P1124,Spare Part 124,Mercedes-Benz,Engine,JapAuto Supplies,8255,27020,71,55,105,21,21,In Stock,Workshop Store,26/11/2025
P1125,Spare Part 125,Hyundai,Engine,MegaMotors,4634,33895,26,60,26,60,11,In Stock,Main Store,19/11/2025
P1126,Spare Part 126,Toyota,Body,AutoSource Ltd,20292,6533,21,46,37,30,29,In Stock,Workshop Store,20/12/2025
P1127,Spare Part 127,Mercedes-Benz,Engine,JapAuto Supplies,30532,56496,41,71,27,85,18,In Stock,Workshop Store,14/10/2025
P1128,Spare Part 128,Toyota,Consumables,AutoSource Ltd,25786,49365,19,61,31,49,20,In Stock,Main Store,30/08/2025
P1129,Spare Part 129,Toyota,Electrical,JapAuto Supplies,29156,26742,27,12,14,25,26,Low Stock,Main Store,08/01/2026
P1130,Spare Part 130,Nissan,Engine,MegaMotors,43106,65568,53,30,40,43,17,In Stock,Workshop Store,16/09/2025
P1131,Spare Part 131,Toyota,Consumables,PrimeParts Nigeria,15558,45537,18,66,66,18,14,In Stock,Workshop Store,08/09/2025
P1132,Spare Part 132,Hyundai,Engine,MegaMotors,36607,52347,22,56,38,40,13,In Stock,Workshop Store,03/08/2025
P1133,Spare Part 133,Mercedes-Benz,Engine,MegaMotors,15706,14067,85,61,27,119,25,In Stock,Main Store,05/11/2025
P1134,Spare Part 134,Toyota,Engine,PrimeParts Nigeria,33705,10077,30,16,26,20,19,In Stock,Main Store,18/10/2025
P1135,Spare Part 135,Mercedes-Benz,Consumables,AutoSource Ltd,27391,44361,66,22,75,13,10,In Stock,Workshop Store,01/01/2026
P1136,Spare Part 136,Mercedes-Benz,Body,MegaMotors,16694,14145,26,21,32,15,14,In Stock,Workshop Store,23/08/2025
P1137,Spare Part 137,Mercedes-Benz,Body,PrimeParts Nigeria,21915,69575,9,39,0,48,27,In Stock,Main Store,14/11/2025
P1138,Spare Part 138,Toyota,Electrical,AutoSource Ltd,40887,59537,45,46,35,56,21,In Stock,Main Store,13/09/2025
P1139,Spare Part 139,Nissan,Body,JapAuto Supplies,40833,7484,35,53,62,26,26,In Stock,Main Store,13/12/2025
P1140,Spare Part 140,Toyota,Engine,PrimeParts Nigeria,10382,72180,40,71,46,65,14,In Stock,Main Store,17/07/2025
P1141,Spare Part 141,Toyota,Body,MegaMotors,31724,33272,12,57,26,43,21,In Stock,Workshop Store,29/09/2025
P1142,Spare Part 142,Hyundai,Body,PrimeParts Nigeria,20245,46326,93,11,62,42,14,In Stock,Main Store,13/12/2025
P1143,Spare Part 143,Mercedes-Benz,Consumables,AutoSource Ltd,14377,46769,47,62,58,51,22,In Stock,Workshop Store,31/12/2025
P1144,Spare Part 144,Toyota,Engine,PrimeParts Nigeria,6641,26831,23,3,12,14,25,Low Stock,Workshop Store,06/08/2025
P1145,Spare Part 145,Honda,Consumables,AutoSource Ltd,18054,38337,54,57,7,104,13,In Stock,Main Store,25/10/2025
P1146,Spare Part 146,Nissan,Consumables,AutoSource Ltd,19370,5117,48,76,104,20,28,Low Stock,Workshop Store,26/10/2025
P1147,Spare Part 147,Toyota,Electrical,JapAuto Supplies,37116,42248,48,1,48,1,23,Low Stock,Main Store,12/08/2025
P1148,Spare Part 148,Hyundai,Engine,PrimeParts Nigeria,16065,61987,28,44,47,25,24,In Stock,Main Store,06/09/2025
P1149,Spare Part 149,Nissan,Engine,MegaMotors,25894,10234,26,19,11,34,20,In Stock,Workshop Store,18/09/2025
P1150,Spare Part 150,Honda,Body,MegaMotors,18930,63237,42,62,1,103,17,In Stock,Workshop Store,29/12/2025
P1151,Spare Part 151,Honda,Body,JapAuto Supplies,27115,27401,84,35,103,16,27,Low Stock,Workshop Store,25/09/2025
P1152,Spare Part 152,Toyota,Consumables,JapAuto Supplies,6667,25278,87,17,36,68,29,In Stock,Main Store,19/07/2025
P1153,Spare Part 153,Honda,Engine,JapAuto Supplies,28677,26665,62,39,66,35,30,In Stock,Main Store,11/10/2025
P1154,Spare Part 154,Honda,Body,JapAuto Supplies,31463,41238,47,31,54,24,22,In Stock,Main Store,10/08/2025
P1155,Spare Part 155,Honda,Electrical,JapAuto Supplies,6318,33393,82,13,36,59,13,In Stock,Workshop Store,31/07/2025
P1156,Spare Part 156,Toyota,Engine,MegaMotors,6105,62611,105,56,43,118,16,In Stock,Main Store,14/08/2025
P1157,Spare Part 157,Nissan,Body,MegaMotors,39733,17378,113,4,99,18,15,In Stock,Workshop Store,07/09/2025
P1158,Spare Part 158,Honda,Engine,AutoSource Ltd,27677,74442,95,52,47,100,15,In Stock,Main Store,08/10/2025
P1159,Spare Part 159,Honda,Consumables,JapAuto Supplies,10509,54695,82,10,20,72,19,In Stock,Main Store,28/07/2025
P1160,Spare Part 160,Nissan,Engine,JapAuto Supplies,34125,69537,26,41,23,44,28,In Stock,Main Store,28/11/2025
P1161,Spare Part 161,Toyota,Electrical,JapAuto Supplies,5673,36708,37,76,55,58,21,In Stock,Workshop Store,03/11/2025
P1162,Spare Part 162,Hyundai,Consumables,JapAuto Supplies,7871,60895,74,14,87,1,25,Low Stock,Main Store,03/01/2026
P1163,Spare Part 163,Hyundai,Electrical,MegaMotors,39592,25266,76,41,1,116,15,In Stock,Workshop Store,18/12/2025
P1164,Spare Part 164,Nissan,Consumables,MegaMotors,18985,43654,103,7,1,109,30,In Stock,Workshop Store,09/01/2026
P1165,Spare Part 165,Nissan,Electrical,AutoSource Ltd,24676,7492,86,56,79,63,22,In Stock,Workshop Store,30/10/2025
P1166,Spare Part 166,Toyota,Body,JapAuto Supplies,10568,35770,31,54,51,34,20,In Stock,Main Store,03/08/2025
P1167,Spare Part 167,Hyundai,Electrical,AutoSource Ltd,32684,6153,60,44,42,62,18,In Stock,Main Store,08/10/2025
P1168,Spare Part 168,Toyota,Body,MegaMotors,9515,63924,9,65,72,2,13,Low Stock,Main Store,21/08/2025
P1169,Spare Part 169,Honda,Engine,MegaMotors,6691,73496,39,22,49,12,17,Low Stock,Main Store,15/09/2025
P1170,Spare Part 170,Honda,Engine,JapAuto Supplies,34365,46998,77,7,24,60,15,In Stock,Workshop Store,30/10/2025
P1171,Spare Part 171,Hyundai,Electrical,MegaMotors,11137,18159,44,17,17,44,16,In Stock,Main Store,08/10/2025
P1172,Spare Part 172,Nissan,Electrical,PrimeParts Nigeria,21129,57762,34,12,31,15,12,In Stock,Workshop Store,09/01/2026
P1173,Spare Part 173,Mercedes-Benz,Consumables,AutoSource Ltd,19174,13553,25,46,60,11,20,Low Stock,Workshop Store,22/09/2025
P1174,Spare Part 174,Hyundai,Electrical,MegaMotors,19935,11161,33,1,22,12,17,Low Stock,Workshop Store,21/10/2025
P1175,Spare Part 175,Hyundai,Engine,AutoSource Ltd,31928,24662,47,70,31,86,28,In Stock,Main Store,21/08/2025
P1176,Spare Part 176,Nissan,Engine,MegaMotors,15593,60946,17,72,46,43,17,In Stock,Main Store,08/09/2025
P1177,Spare Part 177,Toyota,Engine,AutoSource Ltd,23464,62849,7,16,18,5,29,Low Stock,Workshop Store,05/12/2025
P1178,Spare Part 178,Nissan,Body,PrimeParts Nigeria,18446,45198,64,12,17,59,16,In Stock,Main Store,02/11/2025
P1179,Spare Part 179,Honda,Body,PrimeParts Nigeria,10617,74345,97,2,89,10,19,Low Stock,Main Store,30/11/2025
P1180,Spare Part 180,Nissan,Consumables,MegaMotors,38835,66583,37,52,82,7,15,Low Stock,Workshop Store,15/11/2025
P1181,Spare Part 181,Nissan,Consumables,AutoSource Ltd,17998,10076,48,78,58,68,23,In Stock,Workshop Store,09/11/2025
P1182,Spare Part 182,Mercedes-Benz,Electrical,MegaMotors,31429,41433,35,38,29,44,11,In Stock,Workshop Store,08/08/2025
P1183,Spare Part 183,Honda,Consumables,JapAuto Supplies,27486,28899,49,8,13,44,27,In Stock,Workshop Store,03/11/2025
P1184,Spare Part 184,Hyundai,Engine,JapAuto Supplies,29516,56095,27,43,40,30,20,In Stock,Workshop Store,04/11/2025
P1185,Spare Part 185,Hyundai,Body,AutoSource Ltd,34208,74252,64,57,55,66,21,In Stock,Workshop Store,08/09/2025
P1186,Spare Part 186,Mercedes-Benz,Engine,PrimeParts Nigeria,24900,33088,44,28,23,49,11,In Stock,Main Store,18/07/2025
P1187,Spare Part 187,Toyota,Engine,MegaMotors,13286,65503,26,32,2,56,17,In Stock,Workshop Store,13/10/2025
P1188,Spare Part 188,Nissan,Electrical,JapAuto Supplies,4894,65954,35,70,92,13,14,Low Stock,Main Store,08/08/2025
P1189,Spare Part 189,Nissan,Body,JapAuto Supplies,27299,21382,41,75,83,33,22,In Stock,Main Store,30/11/2025
P1190,Spare Part 190,Hyundai,Consumables,MegaMotors,21005,49247,55,21,69,7,30,Low Stock,Main Store,03/09/2025
P1191,Spare Part 191,Honda,Body,PrimeParts Nigeria,4159,36863,79,41,53,67,13,In Stock,Main Store,22/08/2025
P1192,Spare Part 192,Hyundai,Body,AutoSource Ltd,17877,15938,106,60,71,95,10,In Stock,Main Store,23/12/2025
P1193,Spare Part 193,Hyundai,Electrical,MegaMotors,34736,18815,69,0,38,31,15,In Stock,Main Store,14/12/2025
P1194,Spare Part 194,Nissan,Electrical,AutoSource Ltd,5679,16641,18,13,0,31,23,In Stock,Workshop Store,16/10/2025
P1195,Spare Part 195,Hyundai,Engine,MegaMotors,26457,6103,17,75,70,22,29,Low Stock,Main Store,03/12/2025
P1196,Spare Part 196,Toyota,Body,MegaMotors,21056,15681,22,5,23,4,25,Low Stock,Workshop Store,17/07/2025
P1197,Spare Part 197,Hyundai,Engine,MegaMotors,5861,53070,86,64,55,95,26,In Stock,Workshop Store,04/08/2025
P1198,Spare Part 198,Nissan,Consumables,MegaMotors,28226,19368,103,35,8,130,16,In Stock,Workshop Store,02/11/2025
P1199,Spare Part 199,Honda,Consumables,AutoSource Ltd,11343,66594,85,18,57,46,17,In Stock,Main Store,05/11/2025
P1200,Spare Part 200,Mercedes-Benz,Body,PrimeParts Nigeria,25115,9813,75,58,129,4,21,Low Stock,Workshop Store,19/08/2025
P1201,Spare Part 201,Hyundai,Electrical,JapAuto Supplies,20280,14826,97,1,51,47,16,In Stock,Main Store,08/10/2025
P1202,Spare Part 202,Nissan,Consumables,PrimeParts Nigeria,14247,23111,113,48,101,60,27,In Stock,Workshop Store,17/11/2025
P1203,Spare Part 203,Honda,Electrical,JapAuto Supplies,9953,13968,21,79,99,1,13,Low Stock,Workshop Store,01/12/2025
P1204,Spare Part 204,Honda,Electrical,JapAuto Supplies,29490,21152,72,53,124,1,14,Low Stock,Workshop Store,03/10/2025
P1205,Spare Part 205,Hyundai,Electrical,AutoSource Ltd,42281,13352,74,52,65,61,13,In Stock,Workshop Store,18/12/2025
P1206,Spare Part 206,Toyota,Engine,PrimeParts Nigeria,17969,9366,34,45,14,65,25,In Stock,Main Store,25/07/2025
P1207,Spare Part 207,Toyota,Body,AutoSource Ltd,8281,57209,32,43,46,29,11,In Stock,Main Store,08/09/2025
P1208,Spare Part 208,Toyota,Consumables,MegaMotors,30279,10761,25,66,36,55,19,In Stock,Workshop Store,31/08/2025
P1209,Spare Part 209,Toyota,Electrical,PrimeParts Nigeria,9703,69548,95,64,135,24,12,In Stock,Main Store,17/08/2025
P1210,Spare Part 210,Toyota,Electrical,PrimeParts Nigeria,9474,37305,75,46,67,54,17,In Stock,Workshop Store,03/08/2025
P1211,Spare Part 211,Mercedes-Benz,Body,MegaMotors,31362,19738,120,32,11,141,18,In Stock,Workshop Store,21/11/2025
P1212,Spare Part 212,Honda,Body,JapAuto Supplies,14252,56161,5,76,5,76,21,In Stock,Main Store,27/10/2025
P1213,Spare Part 213,Hyundai,Consumables,PrimeParts Nigeria,15029,33597,8,52,8,52,30,In Stock,Workshop Store,17/08/2025
P1214,Spare Part 214,Mercedes-Benz,Body,PrimeParts Nigeria,38449,71680,59,80,124,15,13,In Stock,Main Store,07/09/2025
P1215,Spare Part 215,Honda,Electrical,MegaMotors,24607,46621,6,64,49,21,18,In Stock,Main Store,03/01/2026
P1216,Spare Part 216,Hyundai,Body,MegaMotors,36581,22436,92,7,69,30,28,In Stock,Workshop Store,11/01/2026
P1217,Spare Part 217,Hyundai,Electrical,MegaMotors,23385,61465,49,38,47,40,20,In Stock,Main Store,09/10/2025
P1218,Spare Part 218,Toyota,Engine,MegaMotors,20641,40234,70,26,66,30,16,In Stock,Workshop Store,30/11/2025
P1219,Spare Part 219,Mercedes-Benz,Engine,JapAuto Supplies,3895,15374,52,19,2,69,19,In Stock,Main Store,03/09/2025
P1220,Spare Part 220,Toyota,Body,JapAuto Supplies,44223,41269,38,34,52,20,10,In Stock,Workshop Store,19/09/2025
P1221,Spare Part 221,Nissan,Body,PrimeParts Nigeria,5339,55581,61,38,92,7,30,Low Stock,Workshop Store,06/12/2025
P1222,Spare Part 222,Hyundai,Consumables,JapAuto Supplies,42079,57866,88,80,76,92,15,In Stock,Workshop Store,23/10/2025
P1223,Spare Part 223,Hyundai,Engine,MegaMotors,38842,40915,89,76,128,37,18,In Stock,Workshop Store,09/11/2025
P1224,Spare Part 224,Mercedes-Benz,Consumables,MegaMotors,7754,9068,119,22,115,26,20,In Stock,Workshop Store,03/11/2025
P1225,Spare Part 225,Toyota,Body,PrimeParts Nigeria,42986,10486,44,31,36,39,30,In Stock,Main Store,02/12/2025
P1226,Spare Part 226,Honda,Consumables,MegaMotors,28870,57891,116,72,90,98,23,In Stock,Workshop Store,10/10/2025
P1227,Spare Part 227,Nissan,Consumables,JapAuto Supplies,34484,28649,39,23,5,57,11,In Stock,Workshop Store,17/11/2025
P1228,Spare Part 228,Nissan,Engine,PrimeParts Nigeria,29135,46568,45,73,29,89,14,In Stock,Workshop Store,01/01/2026
P1229,Spare Part 229,Mercedes-Benz,Consumables,AutoSource Ltd,34581,74072,57,55,102,10,19,Low Stock,Main Store,24/10/2025
P1230,Spare Part 230,Honda,Electrical,AutoSource Ltd,38347,57491,100,41,39,102,11,In Stock,Workshop Store,24/07/2025
P1231,Spare Part 231,Mercedes-Benz,Electrical,PrimeParts Nigeria,16815,46331,12,68,12,68,19,In Stock,Main Store,28/08/2025
P1232,Spare Part 232,Toyota,Consumables,AutoSource Ltd,37952,67736,65,80,25,120,20,In Stock,Main Store,27/08/2025
P1233,Spare Part 233,Mercedes-Benz,Electrical,PrimeParts Nigeria,15694,56818,103,13,21,95,15,In Stock,Main Store,18/09/2025
P1234,Spare Part 234,Nissan,Electrical,AutoSource Ltd,14972,56044,96,68,153,11,28,Low Stock,Main Store,02/09/2025
P1235,Spare Part 235,Toyota,Electrical,PrimeParts Nigeria,7881,49953,52,18,17,53,25,In Stock,Workshop Store,21/08/2025
P1236,Spare Part 236,Mercedes-Benz,Electrical,AutoSource Ltd,17379,35522,36,57,89,4,21,Low Stock,Workshop Store,13/12/2025
P1237,Spare Part 237,Nissan,Consumables,PrimeParts Nigeria,33645,62613,9,31,21,19,14,In Stock,Workshop Store,10/11/2025
P1238,Spare Part 238,Nissan,Engine,JapAuto Supplies,35944,7297,64,65,30,99,16,In Stock,Main Store,25/07/2025
P1239,Spare Part 239,Honda,Body,AutoSource Ltd,26365,58834,95,3,73,25,19,In Stock,Workshop Store,19/12/2025
P1240,Spare Part 240,Hyundai,Engine,JapAuto Supplies,36587,44260,55,31,47,39,17,In Stock,Main Store,06/09/2025
P1241,Spare Part 241,Hyundai,Consumables,MegaMotors,5402,8614,103,12,109,6,14,Low Stock,Main Store,18/08/2025
P1242,Spare Part 242,Honda,Engine,AutoSource Ltd,18481,33026,112,48,52,108,28,In Stock,Workshop Store,03/08/2025
P1243,Spare Part 243,Hyundai,Engine,MegaMotors,43709,36833,10,0,9,1,24,Low Stock,Main Store,13/11/2025
P1244,Spare Part 244,Toyota,Body,AutoSource Ltd,42301,67344,110,79,34,155,22,In Stock,Main Store,01/08/2025
P1245,Spare Part 245,Toyota,Electrical,AutoSource Ltd,8560,46093,97,33,126,4,16,Low Stock,Workshop Store,27/11/2025
P1246,Spare Part 246,Nissan,Engine,JapAuto Supplies,38989,21699,96,51,39,108,28,In Stock,Main Store,10/08/2025
P1247,Spare Part 247,Nissan,Engine,MegaMotors,16842,34722,47,2,18,31,11,In Stock,Workshop Store,05/11/2025
P1248,Spare Part 248,Honda,Consumables,MegaMotors,20313,47932,69,6,3,72,21,In Stock,Workshop Store,02/11/2025
P1249,Spare Part 249,Honda,Engine,JapAuto Supplies,6436,33827,95,55,22,128,16,In Stock,Workshop Store,31/08/2025
P1250,Spare Part 250,Nissan,Body,AutoSource Ltd,39167,66431,90,78,43,125,22,In Stock,Main Store,13/09/2025
P1251,Spare Part 251,Hyundai,Engine,PrimeParts Nigeria,5762,34970,19,2,19,2,18,Low Stock,Workshop Store,08/11/2025
P1252,Spare Part 252,Nissan,Engine,MegaMotors,40712,34130,68,10,26,52,21,In Stock,Workshop Store,03/10/2025
P1253,Spare Part 253,Mercedes-Benz,Electrical,JapAuto Supplies,26941,52504,20,40,41,19,25,Low Stock,Workshop Store,28/08/2025
P1254,Spare Part 254,Honda,Electrical,AutoSource Ltd,32750,27298,47,63,41,69,18,In Stock,Main Store,04/10/2025
P1255,Spare Part 255,Honda,Body,MegaMotors,14959,38928,107,37,54,90,11,In Stock,Workshop Store,22/08/2025
P1256,Spare Part 256,Honda,Body,MegaMotors,14096,41244,89,2,1,90,23,In Stock,Main Store,08/11/2025
P1257,Spare Part 257,Honda,Consumables,JapAuto Supplies,8129,72381,29,38,41,26,26,In Stock,Workshop Store,13/12/2025
P1258,Spare Part 258,Honda,Engine,AutoSource Ltd,15179,24854,53,32,31,54,30,In Stock,Main Store,02/09/2025
P1259,Spare Part 259,Honda,Engine,JapAuto Supplies,36672,27763,95,54,149,0,23,Low Stock,Workshop Store,06/10/2025
P1260,Spare Part 260,Toyota,Electrical,JapAuto Supplies,20977,18663,72,34,61,45,18,In Stock,Main Store,22/07/2025
P1261,Spare Part 261,Toyota,Electrical,AutoSource Ltd,17837,38587,110,14,63,61,20,In Stock,Main Store,28/07/2025
P1262,Spare Part 262,Nissan,Engine,JapAuto Supplies,7108,74160,31,55,50,36,21,In Stock,Workshop Store,04/01/2026
P1263,Spare Part 263,Nissan,Electrical,MegaMotors,44320,64492,70,76,76,70,22,In Stock,Main Store,08/11/2025
P1264,Spare Part 264,Hyundai,Engine,AutoSource Ltd,19966,34004,48,71,53,66,29,In Stock,Workshop Store,04/01/2026
P1265,Spare Part 265,Mercedes-Benz,Engine,MegaMotors,13002,50446,40,80,64,56,12,In Stock,Main Store,24/10/2025
P1266,Spare Part 266,Nissan,Electrical,MegaMotors,37663,27722,35,58,76,17,16,In Stock,Workshop Store,24/12/2025
P1267,Spare Part 267,Mercedes-Benz,Electrical,MegaMotors,5326,38379,11,69,50,30,24,In Stock,Main Store,26/12/2025
P1268,Spare Part 268,Honda,Consumables,AutoSource Ltd,3417,21769,32,19,14,37,30,In Stock,Workshop Store,19/07/2025
P1269,Spare Part 269,Honda,Engine,MegaMotors,44386,47397,56,14,40,30,28,In Stock,Workshop Store,21/07/2025
P1270,Spare Part 270,Mercedes-Benz,Consumables,AutoSource Ltd,5873,50905,64,3,50,17,30,Low Stock,Main Store,20/09/2025
P1271,Spare Part 271,Hyundai,Consumables,PrimeParts Nigeria,10207,29699,31,34,63,2,22,Low Stock,Main Store,30/11/2025
P1272,Spare Part 272,Honda,Electrical,JapAuto Supplies,28799,33806,10,80,45,45,10,In Stock,Workshop Store,05/01/2026
P1273,Spare Part 273,Hyundai,Electrical,MegaMotors,28582,15153,91,53,45,99,20,In Stock,Main Store,05/08/2025
P1274,Spare Part 274,Nissan,Electrical,PrimeParts Nigeria,22505,10989,67,4,65,6,18,Low Stock,Workshop Store,19/11/2025
P1275,Spare Part 275,Honda,Engine,PrimeParts Nigeria,35648,70226,45,22,51,16,12,In Stock,Workshop Store,26/07/2025
P1276,Spare Part 276,Hyundai,Consumables,AutoSource Ltd,30794,70719,65,59,95,29,28,In Stock,Workshop Store,16/11/2025
P1277,Spare Part 277,Mercedes-Benz,Electrical,JapAuto Supplies,33689,37448,119,9,68,60,24,In Stock,Main Store,20/09/2025
P1278,Spare Part 278,Hyundai,Body,JapAuto Supplies,20541,29973,105,78,166,17,20,Low Stock,Workshop Store,14/10/2025
P1279,Spare Part 279,Nissan,Consumables,JapAuto Supplies,33146,61284,7,66,66,7,29,Low Stock,Main Store,18/08/2025
P1280,Spare Part 280,Honda,Body,JapAuto Supplies,44501,25769,33,50,21,62,23,In Stock,Workshop Store,28/12/2025
P1281,Spare Part 281,Honda,Consumables,JapAuto Supplies,11082,41780,84,10,43,51,14,In Stock,Workshop Store,27/11/2025
P1282,Spare Part 282,Hyundai,Electrical,JapAuto Supplies,17256,40121,56,79,81,54,23,In Stock,Workshop Store,23/07/2025
P1283,Spare Part 283,Nissan,Electrical,AutoSource Ltd,16062,40396,48,71,0,119,28,In Stock,Workshop Store,03/10/2025
P1284,Spare Part 284,Honda,Engine,JapAuto Supplies,5991,26878,110,69,57,122,10,In Stock,Main Store,02/10/2025
P1285,Spare Part 285,Toyota,Body,AutoSource Ltd,11055,48912,114,49,137,26,14,In Stock,Main Store,31/08/2025
P1286,Spare Part 286,Mercedes-Benz,Body,MegaMotors,40568,7934,88,0,61,27,27,In Stock,Workshop Store,11/01/2026
P1287,Spare Part 287,Mercedes-Benz,Consumables,JapAuto Supplies,11838,23640,20,9,22,7,25,Low Stock,Workshop Store,11/12/2025
P1288,Spare Part 288,Toyota,Consumables,JapAuto Supplies,41761,11471,102,14,61,55,20,In Stock,Main Store,25/11/2025
P1289,Spare Part 289,Nissan,Electrical,MegaMotors,35818,41636,114,45,78,81,21,In Stock,Main Store,02/01/2026
P1290,Spare Part 290,Hyundai,Body,JapAuto Supplies,12746,73013,23,64,6,81,23,In Stock,Workshop Store,02/01/2026
P1291,Spare Part 291,Toyota,Engine,PrimeParts Nigeria,25325,32880,91,14,59,46,30,In Stock,Main Store,10/10/2025
P1292,Spare Part 292,Honda,Consumables,MegaMotors,20441,12535,53,22,62,13,15,Low Stock,Workshop Store,15/11/2025
P1293,Spare Part 293,Mercedes-Benz,Consumables,JapAuto Supplies,26769,21797,111,77,80,108,21,In Stock,Main Store,16/08/2025
P1294,Spare Part 294,Toyota,Electrical,AutoSource Ltd,20619,28273,5,55,14,46,14,In Stock,Workshop Store,11/08/2025
P1295,Spare Part 295,Honda,Consumables,AutoSource Ltd,33191,25145,13,57,57,13,21,Low Stock,Workshop Store,07/01/2026
P1296,Spare Part 296,Toyota,Electrical,MegaMotors,39500,54215,49,27,49,27,25,In Stock,Workshop Store,05/01/2026
P1297,Spare Part 297,Honda,Engine,AutoSource Ltd,7549,22344,105,53,155,3,21,Low Stock,Main Store,29/11/2025
P1298,Spare Part 298,Honda,Engine,JapAuto Supplies,24036,5219,87,58,126,19,25,Low Stock,Main Store,23/07/2025
P1299,Spare Part 299,Nissan,Engine,MegaMotors,8365,32195,53,64,9,108,14,In Stock,Main Store,13/09/2025
P1300,Spare Part 300,Nissan,Consumables,JapAuto Supplies,42406,22248,59,14,67,6,11,Low Stock,Workshop Store,15/09/2025
P1301,Spare Part 301,Honda,Engine,JapAuto Supplies,41046,15808,6,14,17,3,26,Low Stock,Main Store,23/09/2025
P1302,Spare Part 302,Toyota,Body,JapAuto Supplies,10908,38261,104,31,94,41,21,In Stock,Workshop Store,17/12/2025
P1303,Spare Part 303,Toyota,Body,MegaMotors,23838,10499,20,74,39,55,29,In Stock,Main Store,20/08/2025
P1304,Spare Part 304,Mercedes-Benz,Engine,AutoSource Ltd,29925,34087,35,43,62,16,19,Low Stock,Workshop Store,03/08/2025
P1305,Spare Part 305,Toyota,Engine,PrimeParts Nigeria,13200,61585,112,72,58,126,23,In Stock,Workshop Store,17/12/2025
P1306,Spare Part 306,Nissan,Body,PrimeParts Nigeria,20505,27339,115,35,23,127,29,In Stock,Workshop Store,26/10/2025
P1307,Spare Part 307,Mercedes-Benz,Consumables,JapAuto Supplies,31354,23152,67,26,53,40,15,In Stock,Workshop Store,16/08/2025
P1308,Spare Part 308,Nissan,Body,PrimeParts Nigeria,37076,58479,55,42,7,90,11,In Stock,Main Store,19/11/2025
P1309,Spare Part 309,Hyundai,Consumables,MegaMotors,13969,14838,68,47,78,37,16,In Stock,Main Store,29/09/2025
P1310,Spare Part 310,Honda,Consumables,JapAuto Supplies,14979,32247,30,80,57,53,25,In Stock,Main Store,16/12/2025
P1311,Spare Part 311,Toyota,Consumables,JapAuto Supplies,39175,13607,92,60,136,16,24,Low Stock,Main Store,29/08/2025
P1312,Spare Part 312,Mercedes-Benz,Consumables,JapAuto Supplies,6184,49069,7,8,1,14,13,In Stock,Main Store,27/08/2025
P1313,Spare Part 313,Nissan,Body,PrimeParts Nigeria,38587,33945,25,20,1,44,23,In Stock,Main Store,30/12/2025
P1314,Spare Part 314,Toyota,Consumables,JapAuto Supplies,18921,37656,5,36,22,19,11,In Stock,Main Store,14/09/2025
P1315,Spare Part 315,Honda,Body,PrimeParts Nigeria,20280,35253,79,40,83,36,30,In Stock,Main Store,18/10/2025
P1316,Spare Part 316,Hyundai,Electrical,MegaMotors,14641,10389,44,44,18,70,12,In Stock,Workshop Store,01/01/2026
P1317,Spare Part 317,Mercedes-Benz,Electrical,PrimeParts Nigeria,41307,58754,91,1,81,11,13,Low Stock,Workshop Store,29/09/2025
P1318,Spare Part 318,Nissan,Engine,MegaMotors,22337,25085,45,16,22,39,22,In Stock,Workshop Store,25/09/2025
P1319,Spare Part 319,Nissan,Engine,JapAuto Supplies,18502,5756,17,54,32,39,19,In Stock,Workshop Store,21/10/2025
P1320,Spare Part 320,Toyota,Body,AutoSource Ltd,4750,17404,109,69,151,27,19,In Stock,Main Store,18/10/2025
P1321,Spare Part 321,Mercedes-Benz,Electrical,MegaMotors,3067,61985,45,46,90,1,15,Low Stock,Main Store,07/09/2025
P1322,Spare Part 322,Honda,Engine,AutoSource Ltd,17827,54205,68,59,53,74,11,In Stock,Workshop Store,21/11/2025
P1323,Spare Part 323,Hyundai,Body,MegaMotors,11565,6671,34,76,99,11,21,Low Stock,Main Store,01/01/2026
P1324,Spare Part 324,Honda,Body,AutoSource Ltd,14918,48193,53,25,72,6,21,Low Stock,Workshop Store,27/11/2025
P1325,Spare Part 325,Hyundai,Electrical,AutoSource Ltd,9120,28572,25,8,31,2,17,Low Stock,Main Store,02/09/2025
P1326,Spare Part 326,Hyundai,Engine,MegaMotors,14461,54008,76,78,9,145,19,In Stock,Main Store,19/11/2025
P1327,Spare Part 327,Hyundai,Engine,PrimeParts Nigeria,28939,58024,74,32,39,67,25,In Stock,Workshop Store,20/08/2025
P1328,Spare Part 328,Mercedes-Benz,Consumables,MegaMotors,27404,29778,34,40,9,65,13,In Stock,Main Store,31/08/2025
P1329,Spare Part 329,Hyundai,Electrical,AutoSource Ltd,23788,39984,82,57,1,138,15,In Stock,Main Store,09/08/2025
P1330,Spare Part 330,Hyundai,Body,JapAuto Supplies,37541,6727,51,53,101,3,10,Low Stock,Main Store,12/11/2025
P1331,Spare Part 331,Nissan,Consumables,PrimeParts Nigeria,24494,18388,102,9,83,28,25,In Stock,Main Store,25/07/2025
P1332,Spare Part 332,Nissan,Electrical,PrimeParts Nigeria,36993,36139,91,35,71,55,24,In Stock,Workshop Store,19/10/2025
P1333,Spare Part 333,Honda,Body,PrimeParts Nigeria,10145,68374,58,30,64,24,16,In Stock,Main Store,17/11/2025
P1334,Spare Part 334,Mercedes-Benz,Consumables,AutoSource Ltd,42416,50051,111,58,133,36,11,In Stock,Workshop Store,27/07/2025
P1335,Spare Part 335,Hyundai,Engine,PrimeParts Nigeria,11441,10042,81,53,107,27,19,In Stock,Main Store,05/10/2025
P1336,Spare Part 336,Nissan,Engine,AutoSource Ltd,36070,68970,48,30,46,32,26,In Stock,Workshop Store,04/11/2025
P1337,Spare Part 337,Hyundai,Consumables,AutoSource Ltd,19138,49885,117,27,15,129,22,In Stock,Main Store,09/11/2025
P1338,Spare Part 338,Nissan,Body,PrimeParts Nigeria,6588,61878,87,52,16,123,11,In Stock,Main Store,23/11/2025
P1339,Spare Part 339,Nissan,Engine,PrimeParts Nigeria,23942,33701,85,6,60,31,28,In Stock,Main Store,15/08/2025
P1340,Spare Part 340,Honda,Engine,MegaMotors,30859,43623,52,6,0,58,26,In Stock,Main Store,22/12/2025
P1341,Spare Part 341,Honda,Consumables,JapAuto Supplies,19587,55188,117,40,150,7,18,Low Stock,Main Store,30/10/2025
P1342,Spare Part 342,Nissan,Engine,MegaMotors,39389,67303,50,41,83,8,25,Low Stock,Workshop Store,22/11/2025
P1343,Spare Part 343,Toyota,Consumables,JapAuto Supplies,41866,46372,44,35,67,12,21,Low Stock,Main Store,26/12/2025
P1344,Spare Part 344,Nissan,Body,JapAuto Supplies,25883,17090,96,11,9,98,14,In Stock,Main Store,18/08/2025
P1345,Spare Part 345,Hyundai,Consumables,JapAuto Supplies,21262,69880,27,70,12,85,13,In Stock,Main Store,01/11/2025
P1346,Spare Part 346,Nissan,Consumables,JapAuto Supplies,20344,54135,18,75,55,38,24,In Stock,Workshop Store,18/11/2025
P1347,Spare Part 347,Honda,Engine,AutoSource Ltd,8058,68536,97,76,110,63,17,In Stock,Main Store,31/07/2025
P1348,Spare Part 348,Toyota,Electrical,MegaMotors,7136,53354,117,52,13,156,15,In Stock,Main Store,06/11/2025
P1349,Spare Part 349,Hyundai,Electrical,PrimeParts Nigeria,10129,15993,97,73,135,35,25,In Stock,Main Store,10/10/2025
P1350,Spare Part 350,Honda,Body,PrimeParts Nigeria,19767,59644,22,8,8,22,19,In Stock,Workshop Store,02/10/2025
P1351,Spare Part 351,Mercedes-Benz,Body,AutoSource Ltd,17889,45113,77,61,96,42,20,In Stock,Workshop Store,04/11/2025
P1352,Spare Part 352,Toyota,Electrical,JapAuto Supplies,14864,37052,76,74,121,29,26,In Stock,Main Store,20/09/2025
P1353,Spare Part 353,Mercedes-Benz,Body,JapAuto Supplies,20104,44047,82,17,35,64,22,In Stock,Workshop Store,30/08/2025
P1354,Spare Part 354,Mercedes-Benz,Consumables,AutoSource Ltd,29058,23791,70,5,75,0,29,Low Stock,Main Store,30/07/2025
P1355,Spare Part 355,Hyundai,Electrical,MegaMotors,18627,36253,67,41,93,15,30,Low Stock,Main Store,02/01/2026
P1356,Spare Part 356,Nissan,Electrical,AutoSource Ltd,33274,74014,98,44,56,86,23,In Stock,Main Store,02/10/2025
P1357,Spare Part 357,Nissan,Engine,JapAuto Supplies,6236,38193,89,54,12,131,14,In Stock,Workshop Store,05/01/2026
P1358,Spare Part 358,Honda,Consumables,MegaMotors,10222,30210,12,78,15,75,10,In Stock,Workshop Store,27/09/2025
P1359,Spare Part 359,Toyota,Body,AutoSource Ltd,24939,50782,84,76,122,38,23,In Stock,Workshop Store,09/10/2025
P1360,Spare Part 360,Mercedes-Benz,Body,AutoSource Ltd,33799,71453,7,26,17,16,11,In Stock,Workshop Store,25/08/2025
P1361,Spare Part 361,Mercedes-Benz,Electrical,MegaMotors,5140,20423,44,52,54,42,23,In Stock,Workshop Store,19/07/2025
P1362,Spare Part 362,Honda,Engine,MegaMotors,11041,45412,116,51,95,72,16,In Stock,Workshop Store,25/10/2025
P1363,Spare Part 363,Honda,Electrical,MegaMotors,28423,29500,92,61,98,55,29,In Stock,Workshop Store,19/11/2025
P1364,Spare Part 364,Mercedes-Benz,Engine,PrimeParts Nigeria,29226,43250,120,29,85,64,19,In Stock,Workshop Store,10/12/2025
P1365,Spare Part 365,Nissan,Consumables,MegaMotors,9020,71964,87,10,96,1,28,Low Stock,Main Store,03/09/2025
P1366,Spare Part 366,Honda,Body,AutoSource Ltd,16343,58748,23,30,53,0,23,Low Stock,Workshop Store,29/09/2025
P1367,Spare Part 367,Nissan,Engine,PrimeParts Nigeria,19716,63529,9,25,11,23,28,Low Stock,Workshop Store,25/09/2025
P1368,Spare Part 368,Mercedes-Benz,Engine,JapAuto Supplies,24905,68216,22,4,16,10,17,Low Stock,Workshop Store,06/12/2025
P1369,Spare Part 369,Mercedes-Benz,Engine,AutoSource Ltd,9558,41515,8,9,1,16,24,Low Stock,Workshop Store,30/10/2025
P1370,Spare Part 370,Honda,Consumables,PrimeParts Nigeria,35015,6031,87,48,79,56,20,In Stock,Main Store,16/11/2025
P1371,Spare Part 371,Mercedes-Benz,Engine,MegaMotors,19908,69949,33,50,37,46,23,In Stock,Workshop Store,03/09/2025
P1372,Spare Part 372,Nissan,Body,PrimeParts Nigeria,12691,9421,15,73,76,12,24,Low Stock,Workshop Store,09/12/2025
P1373,Spare Part 373,Nissan,Consumables,MegaMotors,33865,6317,37,52,87,2,23,Low Stock,Workshop Store,06/11/2025
P1374,Spare Part 374,Mercedes-Benz,Electrical,JapAuto Supplies,31154,8637,38,44,49,33,18,In Stock,Main Store,11/11/2025
P1375,Spare Part 375,Honda,Engine,MegaMotors,29058,39298,87,10,19,78,14,In Stock,Main Store,13/10/2025
P1376,Spare Part 376,Honda,Engine,MegaMotors,40089,14318,41,38,55,24,14,In Stock,Workshop Store,02/11/2025
P1377,Spare Part 377,Nissan,Engine,PrimeParts Nigeria,43711,38369,103,75,45,133,26,In Stock,Main Store,07/10/2025
P1378,Spare Part 378,Hyundai,Consumables,MegaMotors,27140,59725,40,9,29,20,23,Low Stock,Workshop Store,25/10/2025
P1379,Spare Part 379,Honda,Body,AutoSource Ltd,27831,54508,73,43,5,111,13,In Stock,Workshop Store,10/10/2025
P1380,Spare Part 380,Nissan,Consumables,JapAuto Supplies,43775,17951,118,27,42,103,11,In Stock,Workshop Store,21/09/2025
P1381,Spare Part 381,Toyota,Consumables,MegaMotors,33540,16732,74,25,80,19,17,In Stock,Main Store,20/12/2025
P1382,Spare Part 382,Hyundai,Engine,JapAuto Supplies,8822,34737,45,33,18,60,11,In Stock,Main Store,16/09/2025
P1383,Spare Part 383,Honda,Engine,MegaMotors,18018,53374,29,64,70,23,12,In Stock,Workshop Store,14/11/2025
P1384,Spare Part 384,Honda,Body,MegaMotors,23749,43872,98,10,28,80,24,In Stock,Main Store,07/10/2025
P1385,Spare Part 385,Mercedes-Benz,Electrical,PrimeParts Nigeria,11608,64613,112,57,126,43,25,In Stock,Main Store,20/09/2025
P1386,Spare Part 386,Toyota,Body,PrimeParts Nigeria,25724,20236,92,62,40,114,26,In Stock,Main Store,30/10/2025
P1387,Spare Part 387,Mercedes-Benz,Engine,JapAuto Supplies,14286,12738,105,74,168,11,14,Low Stock,Main Store,28/07/2025
P1388,Spare Part 388,Honda,Consumables,AutoSource Ltd,12871,59120,12,76,72,16,12,In Stock,Workshop Store,03/11/2025
P1389,Spare Part 389,Honda,Electrical,PrimeParts Nigeria,15980,58204,35,59,82,12,15,Low Stock,Main Store,21/11/2025
P1390,Spare Part 390,Mercedes-Benz,Body,PrimeParts Nigeria,22454,69902,80,80,141,19,30,Low Stock,Workshop Store,11/09/2025
P1391,Spare Part 391,Honda,Engine,PrimeParts Nigeria,33188,20213,69,63,39,93,30,In Stock,Workshop Store,11/10/2025
P1392,Spare Part 392,Toyota,Engine,PrimeParts Nigeria,10724,63909,17,53,55,15,30,Low Stock,Main Store,15/10/2025
P1393,Spare Part 393,Hyundai,Consumables,JapAuto Supplies,43966,67101,107,33,46,94,27,In Stock,Workshop Store,03/10/2025
P1394,Spare Part 394,Honda,Electrical,MegaMotors,21204,13862,30,2,2,30,30,In Stock,Main Store,08/11/2025
P1395,Spare Part 395,Nissan,Electrical,AutoSource Ltd,4392,8321,60,53,73,40,15,In Stock,Workshop Store,20/10/2025
P1396,Spare Part 396,Toyota,Body,AutoSource Ltd,25464,9871,56,1,50,7,29,Low Stock,Main Store,29/10/2025
P1397,Spare Part 397,Mercedes-Benz,Body,AutoSource Ltd,39788,28988,55,45,35,65,21,In Stock,Main Store,05/08/2025
P1398,Spare Part 398,Mercedes-Benz,Consumables,AutoSource Ltd,42837,37236,28,22,34,16,16,In Stock,Workshop Store,21/10/2025
P1399,Spare Part 399,Toyota,Consumables,JapAuto Supplies,5876,37029,82,70,75,77,27,In Stock,Workshop Store,20/12/2025
P1400,Spare Part 400,Nissan,Electrical,AutoSource Ltd,12943,40261,38,55,41,52,15,In Stock,Main Store,30/10/2025
P1401,Spare Part 401,Mercedes-Benz,Consumables,MegaMotors,12029,14278,80,44,69,55,28,In Stock,Main Store,20/09/2025
P1402,Spare Part 402,Nissan,Electrical,PrimeParts Nigeria,41449,28463,119,11,57,73,27,In Stock,Main Store,09/10/2025
P1403,Spare Part 403,Toyota,Body,AutoSource Ltd,30610,67813,94,76,69,101,26,In Stock,Main Store,23/07/2025
P1404,Spare Part 404,Honda,Electrical,AutoSource Ltd,23058,24020,9,2,1,10,11,Low Stock,Workshop Store,12/09/2025
P1405,Spare Part 405,Nissan,Consumables,AutoSource Ltd,24104,28071,70,19,71,18,28,Low Stock,Workshop Store,22/11/2025
P1406,Spare Part 406,Nissan,Consumables,JapAuto Supplies,11105,63140,84,73,61,96,10,In Stock,Main Store,06/08/2025
P1407,Spare Part 407,Nissan,Consumables,MegaMotors,13052,69151,16,9,23,2,10,Low Stock,Main Store,02/11/2025
P1408,Spare Part 408,Mercedes-Benz,Electrical,JapAuto Supplies,35540,46021,7,8,13,2,13,Low Stock,Workshop Store,18/11/2025
P1409,Spare Part 409,Hyundai,Consumables,AutoSource Ltd,16907,46614,29,63,67,25,10,In Stock,Main Store,27/07/2025
P1410,Spare Part 410,Hyundai,Electrical,MegaMotors,29633,15835,43,49,88,4,14,Low Stock,Main Store,02/08/2025
P1411,Spare Part 411,Toyota,Consumables,AutoSource Ltd,6278,63031,58,23,26,55,17,In Stock,Workshop Store,17/11/2025
P1412,Spare Part 412,Nissan,Consumables,MegaMotors,43812,73535,77,46,123,0,29,Low Stock,Main Store,19/12/2025
P1413,Spare Part 413,Mercedes-Benz,Consumables,MegaMotors,7713,19993,103,31,4,130,15,In Stock,Main Store,07/12/2025
P1414,Spare Part 414,Nissan,Consumables,MegaMotors,11714,10594,111,27,49,89,25,In Stock,Workshop Store,29/10/2025
P1415,Spare Part 415,Mercedes-Benz,Body,JapAuto Supplies,31153,72920,49,52,31,70,26,In Stock,Workshop Store,23/10/2025
P1416,Spare Part 416,Toyota,Electrical,JapAuto Supplies,10555,10344,97,10,81,26,29,Low Stock,Main Store,30/12/2025
P1417,Spare Part 417,Toyota,Electrical,MegaMotors,34694,51529,36,20,1,55,26,In Stock,Workshop Store,17/12/2025
P1418,Spare Part 418,Nissan,Body,AutoSource Ltd,37492,34239,68,32,1,99,26,In Stock,Main Store,25/12/2025
P1419,Spare Part 419,Mercedes-Benz,Engine,MegaMotors,34520,43138,21,36,47,10,18,Low Stock,Workshop Store,14/12/2025
P1420,Spare Part 420,Hyundai,Body,AutoSource Ltd,35278,5636,63,69,8,124,23,In Stock,Workshop Store,28/10/2025
P1421,Spare Part 421,Hyundai,Engine,MegaMotors,44199,7662,43,34,65,12,22,Low Stock,Main Store,26/11/2025
P1422,Spare Part 422,Hyundai,Electrical,MegaMotors,27589,13026,84,62,54,92,16,In Stock,Main Store,28/10/2025
P1423,Spare Part 423,Hyundai,Body,MegaMotors,39099,56320,78,32,20,90,15,In Stock,Main Store,03/01/2026
P1424,Spare Part 424,Toyota,Body,AutoSource Ltd,16297,58635,37,4,33,8,24,Low Stock,Main Store,22/11/2025
P1425,Spare Part 425,Hyundai,Electrical,AutoSource Ltd,30953,43599,40,21,56,5,12,Low Stock,Main Store,07/11/2025
P1426,Spare Part 426,Hyundai,Engine,JapAuto Supplies,13706,67991,63,37,86,14,11,In Stock,Workshop Store,10/12/2025
P1427,Spare Part 427,Nissan,Body,PrimeParts Nigeria,14344,44270,43,3,18,28,20,In Stock,Main Store,30/12/2025
P1428,Spare Part 428,Honda,Engine,PrimeParts Nigeria,24769,48739,118,71,36,153,22,In Stock,Main Store,29/10/2025
P1429,Spare Part 429,Mercedes-Benz,Body,PrimeParts Nigeria,36426,43588,120,20,43,97,26,In Stock,Main Store,28/10/2025
P1430,Spare Part 430,Honda,Body,JapAuto Supplies,4567,57629,18,80,27,71,28,In Stock,Workshop Store,13/11/2025
P1431,Spare Part 431,Nissan,Consumables,PrimeParts Nigeria,30684,24125,113,55,137,31,13,In Stock,Workshop Store,24/07/2025
P1432,Spare Part 432,Hyundai,Electrical,MegaMotors,5446,27585,88,46,119,15,18,Low Stock,Workshop Store,09/11/2025
P1433,Spare Part 433,Honda,Body,MegaMotors,15051,59065,29,68,79,18,23,Low Stock,Workshop Store,18/12/2025
P1434,Spare Part 434,Honda,Engine,AutoSource Ltd,33127,31870,62,7,67,2,16,Low Stock,Main Store,24/09/2025
P1435,Spare Part 435,Honda,Body,JapAuto Supplies,34717,26798,109,36,26,119,10,In Stock,Main Store,10/09/2025
P1436,Spare Part 436,Nissan,Engine,PrimeParts Nigeria,8865,61884,115,67,59,123,22,In Stock,Main Store,04/10/2025
P1437,Spare Part 437,Toyota,Body,JapAuto Supplies,14289,65511,13,31,32,12,29,Low Stock,Main Store,17/08/2025
P1438,Spare Part 438,Hyundai,Body,AutoSource Ltd,12907,11200,86,18,44,60,12,In Stock,Workshop Store,22/12/2025
P1439,Spare Part 439,Hyundai,Consumables,MegaMotors,26871,45879,52,11,2,61,22,In Stock,Workshop Store,26/10/2025
P1440,Spare Part 440,Mercedes-Benz,Engine,AutoSource Ltd,17511,16417,68,42,23,87,28,In Stock,Main Store,24/12/2025
P1441,Spare Part 441,Honda,Engine,MegaMotors,10508,8620,84,67,119,32,28,In Stock,Main Store,31/12/2025
P1442,Spare Part 442,Honda,Consumables,AutoSource Ltd,27062,56351,11,53,62,2,15,Low Stock,Main Store,19/12/2025
P1443,Spare Part 443,Nissan,Electrical,PrimeParts Nigeria,30843,10521,21,28,27,22,21,In Stock,Workshop Store,02/11/2025
P1444,Spare Part 444,Honda,Electrical,JapAuto Supplies,38664,25482,43,75,17,101,10,In Stock,Workshop Store,28/09/2025
P1445,Spare Part 445,Honda,Body,JapAuto Supplies,24701,23518,105,6,22,89,18,In Stock,Main Store,22/11/2025
P1446,Spare Part 446,Hyundai,Consumables,MegaMotors,20273,56170,53,14,18,49,23,In Stock,Main Store,21/08/2025
P1447,Spare Part 447,Mercedes-Benz,Body,JapAuto Supplies,32469,19270,106,79,126,59,12,In Stock,Main Store,27/08/2025
P1448,Spare Part 448,Hyundai,Body,AutoSource Ltd,24263,58319,19,27,30,16,30,Low Stock,Main Store,09/09/2025
P1449,Spare Part 449,Hyundai,Engine,AutoSource Ltd,30155,21988,115,22,42,95,26,In Stock,Main Store,17/10/2025
P1450,Spare Part 450,Mercedes-Benz,Body,AutoSource Ltd,18551,48862,13,62,10,65,27,In Stock,Main Store,21/10/2025
P1451,Spare Part 451,Hyundai,Consumables,JapAuto Supplies,13003,66617,85,30,108,7,14,Low Stock,Workshop Store,17/12/2025
P1452,Spare Part 452,Hyundai,Electrical,PrimeParts Nigeria,8576,41117,83,45,24,104,27,In Stock,Main Store,28/12/2025
P1453,Spare Part 453,Mercedes-Benz,Engine,PrimeParts Nigeria,20420,21458,46,27,24,49,24,In Stock,Workshop Store,14/09/2025
P1454,Spare Part 454,Nissan,Consumables,PrimeParts Nigeria,43328,37480,27,39,57,9,15,Low Stock,Workshop Store,03/11/2025
P1455,Spare Part 455,Honda,Electrical,AutoSource Ltd,14510,71048,5,36,33,8,21,Low Stock,Main Store,11/01/2026
P1456,Spare Part 456,Toyota,Body,JapAuto Supplies,12778,17093,40,79,11,108,16,In Stock,Workshop Store,27/08/2025
P1457,Spare Part 457,Toyota,Consumables,PrimeParts Nigeria,16931,28314,10,19,28,1,17,Low Stock,Workshop Store,30/08/2025
P1458,Spare Part 458,Toyota,Electrical,PrimeParts Nigeria,25523,13579,54,9,2,61,16,In Stock,Workshop Store,31/12/2025
P1459,Spare Part 459,Toyota,Electrical,AutoSource Ltd,36391,43086,104,71,23,152,24,In Stock,Main Store,11/09/2025
P1460,Spare Part 460,Hyundai,Body,AutoSource Ltd,38294,48174,103,22,95,30,30,In Stock,Workshop Store,25/07/2025
P1461,Spare Part 461,Toyota,Consumables,PrimeParts Nigeria,13278,7806,60,75,54,81,16,In Stock,Workshop Store,24/11/2025
P1462,Spare Part 462,Nissan,Consumables,MegaMotors,9770,21569,41,7,1,47,27,In Stock,Main Store,07/09/2025
P1463,Spare Part 463,Honda,Engine,AutoSource Ltd,14995,68306,23,19,20,22,10,In Stock,Workshop Store,13/09/2025
P1464,Spare Part 464,Honda,Electrical,MegaMotors,26396,70123,30,55,59,26,22,In Stock,Workshop Store,19/11/2025
P1465,Spare Part 465,Toyota,Electrical,AutoSource Ltd,38175,73929,26,47,1,72,18,In Stock,Main Store,16/08/2025
P1466,Spare Part 466,Hyundai,Engine,AutoSource Ltd,27969,31575,66,36,70,32,29,In Stock,Main Store,20/12/2025
P1467,Spare Part 467,Toyota,Engine,PrimeParts Nigeria,13505,44683,69,76,6,139,21,In Stock,Main Store,13/08/2025
P1468,Spare Part 468,Honda,Consumables,PrimeParts Nigeria,37363,71086,83,64,4,143,18,In Stock,Main Store,16/12/2025
P1469,Spare Part 469,Toyota,Electrical,MegaMotors,35182,42589,48,61,96,13,12,In Stock,Workshop Store,11/11/2025
P1470,Spare Part 470,Nissan,Electrical,AutoSource Ltd,22547,51010,71,66,94,43,13,In Stock,Workshop Store,06/12/2025
P1471,Spare Part 471,Nissan,Body,MegaMotors,24152,73747,41,25,58,8,16,Low Stock,Main Store,30/11/2025
P1472,Spare Part 472,Mercedes-Benz,Electrical,MegaMotors,26547,39090,69,21,14,76,14,In Stock,Workshop Store,27/11/2025
P1473,Spare Part 473,Hyundai,Engine,JapAuto Supplies,9924,13052,7,64,68,3,29,Low Stock,Main Store,21/08/2025
P1474,Spare Part 474,Toyota,Body,AutoSource Ltd,36194,29395,47,37,61,23,24,Low Stock,Main Store,16/07/2025
P1475,Spare Part 475,Hyundai,Body,AutoSource Ltd,27464,52231,65,42,35,72,17,In Stock,Main Store,26/08/2025
P1476,Spare Part 476,Hyundai,Body,JapAuto Supplies,9372,36931,52,27,8,71,22,In Stock,Workshop Store,15/12/2025
P1477,Spare Part 477,Honda,Electrical,JapAuto Supplies,9728,52401,27,18,20,25,28,Low Stock,Workshop Store,22/10/2025
P1478,Spare Part 478,Hyundai,Body,AutoSource Ltd,35016,13088,80,28,100,8,13,Low Stock,Main Store,01/09/2025
P1479,Spare Part 479,Toyota,Consumables,MegaMotors,17548,6337,60,69,104,25,16,In Stock,Workshop Store,24/08/2025
P1480,Spare Part 480,Mercedes-Benz,Engine,PrimeParts Nigeria,32888,70583,12,46,19,39,18,In Stock,Main Store,15/12/2025
P1481,Spare Part 481,Toyota,Electrical,MegaMotors,21107,38548,42,59,59,42,11,In Stock,Workshop Store,09/11/2025
P1482,Spare Part 482,Toyota,Body,PrimeParts Nigeria,4261,57275,71,66,100,37,12,In Stock,Main Store,05/01/2026
P1483,Spare Part 483,Toyota,Electrical,AutoSource Ltd,20401,57488,80,7,73,14,26,Low Stock,Workshop Store,09/08/2025
P1484,Spare Part 484,Toyota,Consumables,PrimeParts Nigeria,22301,13441,102,3,101,4,10,Low Stock,Main Store,12/08/2025
P1485,Spare Part 485,Mercedes-Benz,Consumables,JapAuto Supplies,39006,65419,68,37,96,9,10,Low Stock,Main Store,03/10/2025
P1486,Spare Part 486,Toyota,Consumables,AutoSource Ltd,21602,15165,119,13,49,83,30,In Stock,Workshop Store,13/10/2025
P1487,Spare Part 487,Honda,Engine,JapAuto Supplies,27698,12977,112,36,71,77,15,In Stock,Workshop Store,24/12/2025
P1488,Spare Part 488,Hyundai,Electrical,MegaMotors,23545,35591,23,2,9,16,22,Low Stock,Main Store,11/01/2026
P1489,Spare Part 489,Toyota,Engine,AutoSource Ltd,28108,73511,7,78,51,34,12,In Stock,Workshop Store,08/09/2025
P1490,Spare Part 490,Nissan,Electrical,MegaMotors,24309,29117,18,37,18,37,17,In Stock,Main Store,15/11/2025
P1491,Spare Part 491,Toyota,Consumables,JapAuto Supplies,14658,5488,11,49,38,22,10,In Stock,Main Store,10/09/2025
P1492,Spare Part 492,Nissan,Body,JapAuto Supplies,22439,33304,64,14,41,37,22,In Stock,Workshop Store,13/09/2025
P1493,Spare Part 493,Toyota,Consumables,AutoSource Ltd,43332,59652,74,21,28,67,22,In Stock,Workshop Store,21/09/2025
P1494,Spare Part 494,Nissan,Electrical,JapAuto Supplies,20097,53359,79,5,4,80,25,In Stock,Workshop Store,26/11/2025
P1495,Spare Part 495,Toyota,Body,AutoSource Ltd,35922,40622,118,69,30,157,17,In Stock,Main Store,23/09/2025
P1496,Spare Part 496,Hyundai,Engine,AutoSource Ltd,6381,19088,83,5,25,63,18,In Stock,Workshop Store,16/12/2025
P1497,Spare Part 497,Hyundai,Body,JapAuto Supplies,42739,11845,10,75,25,60,24,In Stock,Workshop Store,29/07/2025
P1498,Spare Part 498,Mercedes-Benz,Body,AutoSource Ltd,17387,9316,37,2,2,37,30,In Stock,Main Store,11/12/2025
P1499,Spare Part 499,Mercedes-Benz,Consumables,AutoSource Ltd,10610,44249,30,5,29,6,29,Low Stock,Workshop Store,04/09/2025
P1500,Spare Part 500,Nissan,Engine,PrimeParts Nigeria,12327,73067,5,67,12,60,30,In Stock,Workshop Store,08/12/2025
